{"Site_1000": {"avg_uptime": 97.66100000000002, "total_energy": 18389.760000000002, "total_alarms": 